Entity,Code,Year,"Population, female (% of total population)"
Albania,ALB,1960,48.59332275
Albania,ALB,1961,48.59738922
Albania,ALB,1962,48.60362244
Albania,ALB,1963,48.61130905
Albania,ALB,1964,48.61766052
Albania,ALB,1965,48.62145996
Albania,ALB,1966,48.62303543
Albania,ALB,1967,48.62210846
Albania,ALB,1968,48.62088776
Albania,ALB,1969,48.62173462
Albania,ALB,1970,48.62617111
Albania,ALB,1971,48.63476563
Albania,ALB,1972,48.64577484
Albania,ALB,1973,48.65766907
Albania,ALB,1974,48.66702271
Albania,ALB,1975,48.67205429
Albania,ALB,1976,48.67226028
Albania,ALB,1977,48.66908646
Albania,ALB,1978,48.66444016
Albania,ALB,1979,48.66082001
Albania,ALB,1980,48.66032028
Albania,ALB,1981,48.6685524
Albania,ALB,1982,48.6860466
Albania,ALB,1983,48.70375443
Albania,ALB,1984,48.71001434
Albania,ALB,1985,48.70014191
Albania,ALB,1986,48.6584816
Albania,ALB,1987,48.5959816
Albania,ALB,1988,48.56103134
Albania,ALB,1989,48.61455917
Albania,ALB,1990,48.79119873
Albania,ALB,1991,49.12435913
Albania,ALB,1992,49.5929451
Albania,ALB,1993,50.10784912
Albania,ALB,1994,50.52674103
Albania,ALB,1995,50.73742676
Albania,ALB,1996,50.68214035
Albania,ALB,1997,50.4036293
Albania,ALB,1998,50.00516129
Albania,ALB,1999,49.63525009
Albania,ALB,2000,49.39656448
Albania,ALB,2001,49.3185463
Albania,ALB,2002,49.3652153
Albania,ALB,2003,49.49222565
Albania,ALB,2004,49.62899017
Albania,ALB,2005,49.72236633
Albania,ALB,2006,49.76459503
Albania,ALB,2007,49.77269363
Albania,ALB,2008,49.74764252
Albania,ALB,2009,49.69606781
Albania,ALB,2010,49.62505341
Albania,ALB,2011,49.53020096
Albania,ALB,2012,49.41094971
Albania,ALB,2013,49.2845192
Albania,ALB,2014,49.17337799
Albania,ALB,2015,49.09379578
Albania,ALB,2016,49.05299759
Albania,ALB,2017,49.04639816
Albania,ALB,2018,49.06309509
Albania,ALB,2019,49.08610535
Albania,ALB,2020,49.10299683
Austria,AUT,1960,53.41923904
Austria,AUT,1961,53.38853455
Austria,AUT,1962,53.35431671
Austria,AUT,1963,53.31715012
Austria,AUT,1964,53.27805328
Austria,AUT,1965,53.23777008
Austria,AUT,1966,53.19651794
Austria,AUT,1967,53.15449142
Austria,AUT,1968,53.11215591
Austria,AUT,1969,53.07021713
Austria,AUT,1970,53.02913666
Austria,AUT,1971,52.9888382
Austria,AUT,1972,52.94929886
Austria,AUT,1973,52.91120911
Austria,AUT,1974,52.87495041
Austria,AUT,1975,52.84082031
Austria,AUT,1976,52.80882645
Austria,AUT,1977,52.77850342
Austria,AUT,1978,52.74842072
Austria,AUT,1979,52.71669388
Austria,AUT,1980,52.68211365
Austria,AUT,1981,52.64397049
Austria,AUT,1982,52.60208893
Austria,AUT,1983,52.55712891
Austria,AUT,1984,52.50972366
Austria,AUT,1985,52.46039581
Austria,AUT,1986,52.41001892
Austria,AUT,1987,52.35817719
Austria,AUT,1988,52.30221176
Austria,AUT,1989,52.23880386
Austria,AUT,1990,52.16606522
Austria,AUT,1991,52.0835228
Austria,AUT,1992,51.99369431
Austria,AUT,1993,51.90172195
Austria,AUT,1994,51.81374741
Austria,AUT,1995,51.73414993
Austria,AUT,1996,51.66336441
Austria,AUT,1997,51.60046768
Austria,AUT,1998,51.54611588
Austria,AUT,1999,51.50097275
Austria,AUT,2000,51.46523666
Austria,AUT,2001,51.43977737
Austria,AUT,2002,51.42360306
Austria,AUT,2003,51.41313171
Austria,AUT,2004,51.40329361
Austria,AUT,2005,51.390522
Austria,AUT,2006,51.37317657
Austria,AUT,2007,51.35155487
Austria,AUT,2008,51.32569885
Austria,AUT,2009,51.29648209
Austria,AUT,2010,51.26434326
Austria,AUT,2011,51.22994614
Austria,AUT,2012,51.19288635
Austria,AUT,2013,51.15114975
Austria,AUT,2014,51.10214996
Austria,AUT,2015,51.04483032
Austria,AUT,2016,50.97809601
Austria,AUT,2017,50.90430832
Austria,AUT,2018,50.82942581
Austria,AUT,2019,50.76128769
Austria,AUT,2020,50.70515442
Belgium,BEL,1960,50.79991913
Belgium,BEL,1961,50.81533432
Belgium,BEL,1962,50.83342743
Belgium,BEL,1963,50.85321045
Belgium,BEL,1964,50.87335968
Belgium,BEL,1965,50.89299393
Belgium,BEL,1966,50.91159821
Belgium,BEL,1967,50.92946243
Belgium,BEL,1968,50.9471817
Belgium,BEL,1969,50.96564484
Belgium,BEL,1970,50.98543167
Belgium,BEL,1971,51.00668716
Belgium,BEL,1972,51.02876282
Belgium,BEL,1973,51.05061722
Belgium,BEL,1974,51.07064056
Belgium,BEL,1975,51.08775711
Belgium,BEL,1976,51.10157394
Belgium,BEL,1977,51.11234665
Belgium,BEL,1978,51.1202507
Belgium,BEL,1979,51.12582397
Belgium,BEL,1980,51.12950134
Belgium,BEL,1981,51.13140869
Belgium,BEL,1982,51.13143158
Belgium,BEL,1983,51.12961197
Belgium,BEL,1984,51.12564087
Belgium,BEL,1985,51.11972427
Belgium,BEL,1986,51.11163712
Belgium,BEL,1987,51.10184479
Belgium,BEL,1988,51.09136963
Belgium,BEL,1989,51.08152771
Belgium,BEL,1990,51.0733223
Belgium,BEL,1991,51.06695175
Belgium,BEL,1992,51.06219482
Belgium,BEL,1993,51.05872345
Belgium,BEL,1994,51.05604935
Belgium,BEL,1995,51.05369949
Belgium,BEL,1996,51.05191803
Belgium,BEL,1997,51.0506134
Belgium,BEL,1998,51.04818726
Belgium,BEL,1999,51.04269028
Belgium,BEL,2000,51.03289795
Belgium,BEL,2001,51.01808929
Belgium,BEL,2002,50.99921417
Belgium,BEL,2003,50.97816849
Belgium,BEL,2004,50.95796585
Belgium,BEL,2005,50.94063187
Belgium,BEL,2006,50.92580795
Belgium,BEL,2007,50.9125824
Belgium,BEL,2008,50.90180969
Belgium,BEL,2009,50.89445114
Belgium,BEL,2010,50.89047241
Belgium,BEL,2011,50.89217758
Belgium,BEL,2012,50.89784622
Belgium,BEL,2013,50.89866257
Belgium,BEL,2014,50.88327789
Belgium,BEL,2015,50.84454346
Belgium,BEL,2016,50.77866364
Belgium,BEL,2017,50.69064713
Belgium,BEL,2018,50.59331894
Belgium,BEL,2019,50.50422287
Belgium,BEL,2020,50.4355011
Bosnia and Herzegovina,BIH,1960,50.94352722
Bosnia and Herzegovina,BIH,1961,50.88225937
Bosnia and Herzegovina,BIH,1962,50.82019424
Bosnia and Herzegovina,BIH,1963,50.76476669
Bosnia and Herzegovina,BIH,1964,50.72585678
Bosnia and Herzegovina,BIH,1965,50.70898056
Bosnia and Herzegovina,BIH,1966,50.7156868
Bosnia and Herzegovina,BIH,1967,50.74121475
Bosnia and Herzegovina,BIH,1968,50.77655792
Bosnia and Herzegovina,BIH,1969,50.81014633
Bosnia and Herzegovina,BIH,1970,50.83349991
Bosnia and Herzegovina,BIH,1971,50.84498215
Bosnia and Herzegovina,BIH,1972,50.84651184
Bosnia and Herzegovina,BIH,1973,50.83742142
Bosnia and Herzegovina,BIH,1974,50.81754684
Bosnia and Herzegovina,BIH,1975,50.78749466
Bosnia and Herzegovina,BIH,1976,50.74577713
Bosnia and Herzegovina,BIH,1977,50.69408417
Bosnia and Herzegovina,BIH,1978,50.6384697
Bosnia and Herzegovina,BIH,1979,50.58746338
Bosnia and Herzegovina,BIH,1980,50.54676437
Bosnia and Herzegovina,BIH,1981,50.51927948
Bosnia and Herzegovina,BIH,1982,50.50402451
Bosnia and Herzegovina,BIH,1983,50.49635315
Bosnia and Herzegovina,BIH,1984,50.48995972
Bosnia and Herzegovina,BIH,1985,50.48086929
Bosnia and Herzegovina,BIH,1986,50.46586609
Bosnia and Herzegovina,BIH,1987,50.44815063
Bosnia and Herzegovina,BIH,1988,50.43621445
Bosnia and Herzegovina,BIH,1989,50.44279861
Bosnia and Herzegovina,BIH,1990,50.47544098
Bosnia and Herzegovina,BIH,1991,50.54127502
Bosnia and Herzegovina,BIH,1992,50.63799286
Bosnia and Herzegovina,BIH,1993,50.75318527
Bosnia and Herzegovina,BIH,1994,50.86249924
Bosnia and Herzegovina,BIH,1995,50.94324875
Bosnia and Herzegovina,BIH,1996,50.98297882
Bosnia and Herzegovina,BIH,1997,50.98501968
Bosnia and Herzegovina,BIH,1998,50.9606781
Bosnia and Herzegovina,BIH,1999,50.92952728
Bosnia and Herzegovina,BIH,2000,50.90576935
Bosnia and Herzegovina,BIH,2001,50.89194107
Bosnia and Herzegovina,BIH,2002,50.88446426
Bosnia and Herzegovina,BIH,2003,50.88197708
Bosnia and Herzegovina,BIH,2004,50.8813591
Bosnia and Herzegovina,BIH,2005,50.88042831
Bosnia and Herzegovina,BIH,2006,50.87945175
Bosnia and Herzegovina,BIH,2007,50.88015747
Bosnia and Herzegovina,BIH,2008,50.88269043
Bosnia and Herzegovina,BIH,2009,50.88792801
Bosnia and Herzegovina,BIH,2010,50.89602661
Bosnia and Herzegovina,BIH,2011,50.90756607
Bosnia and Herzegovina,BIH,2012,50.9220314
Bosnia and Herzegovina,BIH,2013,50.93880081
Bosnia and Herzegovina,BIH,2014,50.95597458
Bosnia and Herzegovina,BIH,2015,50.97213364
Bosnia and Herzegovina,BIH,2016,50.98658752
Bosnia and Herzegovina,BIH,2017,50.99939346
Bosnia and Herzegovina,BIH,2018,51.01053619
Bosnia and Herzegovina,BIH,2019,51.02090454
Bosnia and Herzegovina,BIH,2020,51.0301857
Bulgaria,BGR,1960,50.07180786
Bulgaria,BGR,1961,50.06065369
Bulgaria,BGR,1962,50.04849625
Bulgaria,BGR,1963,50.03646851
Bulgaria,BGR,1964,50.02571869
Bulgaria,BGR,1965,50.01697922
Bulgaria,BGR,1966,50.01083374
Bulgaria,BGR,1967,50.00732422
Bulgaria,BGR,1968,50.00658417
Bulgaria,BGR,1969,50.0083847
Bulgaria,BGR,1970,50.01279449
Bulgaria,BGR,1971,50.01991653
Bulgaria,BGR,1972,50.03001785
Bulgaria,BGR,1973,50.04268265
Bulgaria,BGR,1974,50.05732727
Bulgaria,BGR,1975,50.07350159
Bulgaria,BGR,1976,50.09126282
Bulgaria,BGR,1977,50.11068726
Bulgaria,BGR,1978,50.13294983
Bulgaria,BGR,1979,50.1591568
Bulgaria,BGR,1980,50.19014359
Bulgaria,BGR,1981,50.22610092
Bulgaria,BGR,1982,50.26648331
Bulgaria,BGR,1983,50.31106567
Bulgaria,BGR,1984,50.35962677
Bulgaria,BGR,1985,50.41168976
Bulgaria,BGR,1986,50.46715164
Bulgaria,BGR,1987,50.52584839
Bulgaria,BGR,1988,50.58715439
Bulgaria,BGR,1989,50.65062332
Bulgaria,BGR,1990,50.71572876
Bulgaria,BGR,1991,50.78264999
Bulgaria,BGR,1992,50.85086823
Bulgaria,BGR,1993,50.91910553
Bulgaria,BGR,1994,50.98496628
Bulgaria,BGR,1995,51.04640579
Bulgaria,BGR,1996,51.10239029
Bulgaria,BGR,1997,51.15252304
Bulgaria,BGR,1998,51.19645309
Bulgaria,BGR,1999,51.2342453
Bulgaria,BGR,2000,51.26631927
Bulgaria,BGR,2001,51.29245758
Bulgaria,BGR,2002,51.31266022
Bulgaria,BGR,2003,51.32690811
Bulgaria,BGR,2004,51.33509445
Bulgaria,BGR,2005,51.33771896
Bulgaria,BGR,2006,51.3343811
Bulgaria,BGR,2007,51.3260231
Bulgaria,BGR,2008,51.31576157
Bulgaria,BGR,2009,51.30766678
Bulgaria,BGR,2010,51.30469131
Bulgaria,BGR,2011,51.30824661
Bulgaria,BGR,2012,51.3176918
Bulgaria,BGR,2013,51.33173752
Bulgaria,BGR,2014,51.34793854
Bulgaria,BGR,2015,51.36443329
Bulgaria,BGR,2016,51.38096619
Bulgaria,BGR,2017,51.39786911
Bulgaria,BGR,2018,51.4140892
Bulgaria,BGR,2019,51.42861176
Bulgaria,BGR,2020,51.44063187
Croatia,HRV,1960,51.97780991
Croatia,HRV,1961,51.93215942
Croatia,HRV,1962,51.87868881
Croatia,HRV,1963,51.82211685
Croatia,HRV,1964,51.76932907
Croatia,HRV,1965,51.72520828
Croatia,HRV,1966,51.69134903
Croatia,HRV,1967,51.66605759
Croatia,HRV,1968,51.64686203
Croatia,HRV,1969,51.62944031
Croatia,HRV,1970,51.61135864
Croatia,HRV,1971,51.59160614
Croatia,HRV,1972,51.57145691
Croatia,HRV,1973,51.55284119
Croatia,HRV,1974,51.53865814
Croatia,HRV,1975,51.5307579
Croatia,HRV,1976,51.52921677
Croatia,HRV,1977,51.53301239
Croatia,HRV,1978,51.5410347
Croatia,HRV,1979,51.55150986
Croatia,HRV,1980,51.56310272
Croatia,HRV,1981,51.57644272
Croatia,HRV,1982,51.59101486
Croatia,HRV,1983,51.60341644
Croatia,HRV,1984,51.60935974
Croatia,HRV,1985,51.60605621
Croatia,HRV,1986,51.59195328
Croatia,HRV,1987,51.56941223
Croatia,HRV,1988,51.5440712
Croatia,HRV,1989,51.52409744
Croatia,HRV,1990,51.51516724
Croatia,HRV,1991,51.51870728
Croatia,HRV,1992,51.53281403
Croatia,HRV,1993,51.55699539
Croatia,HRV,1994,51.58948517
Croatia,HRV,1995,51.62853241
Croatia,HRV,1996,51.67483902
Croatia,HRV,1997,51.7279892
Croatia,HRV,1998,51.78182602
Croatia,HRV,1999,51.82814026
Croatia,HRV,2000,51.86063766
Croatia,HRV,2001,51.87638855
Croatia,HRV,2002,51.87720108
Croatia,HRV,2003,51.86740112
Croatia,HRV,2004,51.85457993
Croatia,HRV,2005,51.84368896
Croatia,HRV,2006,51.83594131
Croatia,HRV,2007,51.82965851
Croatia,HRV,2008,51.82681274
Croatia,HRV,2009,51.82876587
Croatia,HRV,2010,51.83624268
Croatia,HRV,2011,51.85101318
Croatia,HRV,2012,51.87225342
Croatia,HRV,2013,51.89441681
Croatia,HRV,2014,51.91032028
Croatia,HRV,2015,51.9143486
Croatia,HRV,2016,51.90489197
Croatia,HRV,2017,51.88308334
Croatia,HRV,2018,51.85262299
Croatia,HRV,2019,51.81910706
Croatia,HRV,2020,51.78653336
Cyprus,CYP,1960,50.83770752
Cyprus,CYP,1961,50.84316254
Cyprus,CYP,1962,50.8693161
Cyprus,CYP,1963,50.90376282
Cyprus,CYP,1964,50.92667389
Cyprus,CYP,1965,50.92448425
Cyprus,CYP,1966,50.8914032
Cyprus,CYP,1967,50.83468628
Cyprus,CYP,1968,50.75881958
Cyprus,CYP,1969,50.67370987
Cyprus,CYP,1970,50.58309937
Cyprus,CYP,1971,50.48980331
Cyprus,CYP,1972,50.39235687
Cyprus,CYP,1973,50.29199982
Cyprus,CYP,1974,50.18978119
Cyprus,CYP,1975,50.08841705
Cyprus,CYP,1976,49.9869194
Cyprus,CYP,1977,49.88722992
Cyprus,CYP,1978,49.79286957
Cyprus,CYP,1979,49.71162033
Cyprus,CYP,1980,49.64590454
Cyprus,CYP,1981,49.59777832
Cyprus,CYP,1982,49.56759644
Cyprus,CYP,1983,49.54486084
Cyprus,CYP,1984,49.51979065
Cyprus,CYP,1985,49.48699188
Cyprus,CYP,1986,49.44260788
Cyprus,CYP,1987,49.39022827
Cyprus,CYP,1988,49.34186554
Cyprus,CYP,1989,49.3108902
Cyprus,CYP,1990,49.3056488
Cyprus,CYP,1991,49.32673264
Cyprus,CYP,1992,49.36823273
Cyprus,CYP,1993,49.42119217
Cyprus,CYP,1994,49.47497559
Cyprus,CYP,1995,49.52098083
Cyprus,CYP,1996,49.56103897
Cyprus,CYP,1997,49.59862518
Cyprus,CYP,1998,49.62320328
Cyprus,CYP,1999,49.62469482
Cyprus,CYP,2000,49.59895706
Cyprus,CYP,2001,49.53815079
Cyprus,CYP,2002,49.45064545
Cyprus,CYP,2003,49.36722565
Cyprus,CYP,2004,49.32670975
Cyprus,CYP,2005,49.35333633
Cyprus,CYP,2006,49.45767975
Cyprus,CYP,2007,49.62151337
Cyprus,CYP,2008,49.80740738
Cyprus,CYP,2009,49.9660759
Cyprus,CYP,2010,50.06529617
Cyprus,CYP,2011,50.09428024
Cyprus,CYP,2012,50.06889725
Cyprus,CYP,2013,50.01118851
Cyprus,CYP,2014,49.95448303
Cyprus,CYP,2015,49.92235184
Cyprus,CYP,2016,49.92005539
Cyprus,CYP,2017,49.93994141
Cyprus,CYP,2018,49.97107315
Cyprus,CYP,2019,49.99916458
Cyprus,CYP,2020,50.01379013
Czechia,CZE,1960,51.37155914
Czechia,CZE,1961,51.35671997
Czechia,CZE,1962,51.33283234
Czechia,CZE,1963,51.30967331
Czechia,CZE,1964,51.30096054
Czechia,CZE,1965,51.31532669
Czechia,CZE,1966,51.35694504
Czechia,CZE,1967,51.42086792
Czechia,CZE,1968,51.49501801
Czechia,CZE,1969,51.56216049
Czechia,CZE,1970,51.60948181
Czechia,CZE,1971,51.63282394
Czechia,CZE,1972,51.63609695
Czechia,CZE,1973,51.62465668
Czechia,CZE,1974,51.60717392
Czechia,CZE,1975,51.59000778
Czechia,CZE,1976,51.57424164
Czechia,CZE,1977,51.55817413
Czechia,CZE,1978,51.54263306
Czechia,CZE,1979,51.52784729
Czechia,CZE,1980,51.51412582
Czechia,CZE,1981,51.50191498
Czechia,CZE,1982,51.49151993
Czechia,CZE,1983,51.48291016
Czechia,CZE,1984,51.47611237
Czechia,CZE,1985,51.4707489
Czechia,CZE,1986,51.46709442
Czechia,CZE,1987,51.46510315
Czechia,CZE,1988,51.46352386
Czechia,CZE,1989,51.46095657
Czechia,CZE,1990,51.45637131
Czechia,CZE,1991,51.44924927
Czechia,CZE,1992,51.43997955
Czechia,CZE,1993,51.42915726
Czechia,CZE,1994,51.41784286
Czechia,CZE,1995,51.4066658
Czechia,CZE,1996,51.39506149
Czechia,CZE,1997,51.38253403
Czechia,CZE,1998,51.37034607
Czechia,CZE,1999,51.36005783
Czechia,CZE,2000,51.35254288
Czechia,CZE,2001,51.35001755
Czechia,CZE,2002,51.35095215
Czechia,CZE,2003,51.3478241
Czechia,CZE,2004,51.33025742
Czechia,CZE,2005,51.29189301
Czechia,CZE,2006,51.22895813
Czechia,CZE,2007,51.14644623
Czechia,CZE,2008,51.05690002
Czechia,CZE,2009,50.977108
Czechia,CZE,2010,50.91815186
Czechia,CZE,2011,50.88401794
Czechia,CZE,2012,50.87030792
Czechia,CZE,2013,50.86951447
Czechia,CZE,2014,50.87055206
Czechia,CZE,2015,50.86512375
Czechia,CZE,2016,50.85126877
Czechia,CZE,2017,50.83169556
Czechia,CZE,2018,50.80858994
Czechia,CZE,2019,50.7856369
Czechia,CZE,2020,50.76542282
Denmark,DNK,1960,50.38448334
Denmark,DNK,1961,50.39385223
Denmark,DNK,1962,50.40516663
Denmark,DNK,1963,50.41526794
Denmark,DNK,1964,50.41975021
Denmark,DNK,1965,50.41601944
Denmark,DNK,1966,50.40278625
Denmark,DNK,1967,50.38211823
Denmark,DNK,1968,50.35993195
Denmark,DNK,1969,50.34385681
Denmark,DNK,1970,50.33959961
Denmark,DNK,1971,50.34841537
Denmark,DNK,1972,50.36844635
Denmark,DNK,1973,50.3966217
Denmark,DNK,1974,50.42832184
Denmark,DNK,1975,50.46013641
Denmark,DNK,1976,50.49117661
Denmark,DNK,1977,50.52198029
Denmark,DNK,1978,50.55217743
Denmark,DNK,1979,50.58161926
Denmark,DNK,1980,50.60995102
Denmark,DNK,1981,50.63715363
Denmark,DNK,1982,50.66231155
Denmark,DNK,1983,50.68398666
Denmark,DNK,1984,50.70062637
Denmark,DNK,1985,50.71070099
Denmark,DNK,1986,50.71366501
Denmark,DNK,1987,50.70992661
Denmark,DNK,1988,50.70109177
Denmark,DNK,1989,50.68920898
Denmark,DNK,1990,50.67583466
Denmark,DNK,1991,50.66168213
Denmark,DNK,1992,50.646698
Denmark,DNK,1993,50.63107681
Denmark,DNK,1994,50.61473846
Denmark,DNK,1995,50.59801865
Denmark,DNK,1996,50.58080673
Denmark,DNK,1997,50.5634346
Denmark,DNK,1998,50.54681015
Denmark,DNK,1999,50.53163528
Denmark,DNK,2000,50.51863098
Denmark,DNK,2001,50.50804901
Denmark,DNK,2002,50.49938583
Denmark,DNK,2003,50.49146271
Denmark,DNK,2004,50.48232651
Denmark,DNK,2005,50.47076416
Denmark,DNK,2006,50.45679855
Denmark,DNK,2007,50.44062805
Denmark,DNK,2008,50.42252731
Denmark,DNK,2009,50.40235138
Denmark,DNK,2010,50.38059616
Denmark,DNK,2011,50.3564415
Denmark,DNK,2012,50.33088303
Denmark,DNK,2013,50.30641174
Denmark,DNK,2014,50.28640366
Denmark,DNK,2015,50.27316284
Denmark,DNK,2016,50.26739883
Denmark,DNK,2017,50.26843643
Denmark,DNK,2018,50.27420425
Denmark,DNK,2019,50.2818222
Denmark,DNK,2020,50.28901672
Finland,FIN,1960,51.83490372
Finland,FIN,1961,51.80138397
Finland,FIN,1962,51.77132034
Finland,FIN,1963,51.74554062
Finland,FIN,1964,51.72520065
Finland,FIN,1965,51.71111298
Finland,FIN,1966,51.70328522
Finland,FIN,1967,51.70162964
Finland,FIN,1968,51.70313644
Finland,FIN,1969,51.7040863
Finland,FIN,1970,51.70171738
Finland,FIN,1971,51.69490814
Finland,FIN,1972,51.68445587
Finland,FIN,1973,51.67254639
Finland,FIN,1974,51.66221619
Finland,FIN,1975,51.65567398
Finland,FIN,1976,51.65337753
Finland,FIN,1977,51.65430069
Finland,FIN,1978,51.65617371
Finland,FIN,1979,51.65596008
Finland,FIN,1980,51.65203476
Finland,FIN,1981,51.64336014
Finland,FIN,1982,51.63068008
Finland,FIN,1983,51.61482239
Finland,FIN,1984,51.59734726
Finland,FIN,1985,51.57926178
Finland,FIN,1986,51.56084442
Finland,FIN,1987,51.54167557
Finland,FIN,1988,51.5210228
Finland,FIN,1989,51.49745178
Finland,FIN,1990,51.47057343
Finland,FIN,1991,51.43976974
Finland,FIN,1992,51.40616608
Finland,FIN,1993,51.37117386
Finland,FIN,1994,51.33742905
Finland,FIN,1995,51.3065033
Finland,FIN,1996,51.27872849
Finland,FIN,1997,51.25367355
Finland,FIN,1998,51.23038483
Finland,FIN,1999,51.20731354
Finland,FIN,2000,51.18348312
Finland,FIN,2001,51.15855789
Finland,FIN,2002,51.13301086
Finland,FIN,2003,51.106884
Finland,FIN,2004,51.08063126
Finland,FIN,2005,51.05459595
Finland,FIN,2006,51.02876663
Finland,FIN,2007,51.00323105
Finland,FIN,2008,50.9774704
Finland,FIN,2009,50.95113373
Finland,FIN,2010,50.92364883
Finland,FIN,2011,50.89518738
Finland,FIN,2012,50.86590195
Finland,FIN,2013,50.83679199
Finland,FIN,2014,50.80907822
Finland,FIN,2015,50.78358078
Finland,FIN,2016,50.76055145
Finland,FIN,2017,50.7397995
Finland,FIN,2018,50.72076035
Finland,FIN,2019,50.70261002
Finland,FIN,2020,50.6849823
France,FRA,1960,51.49322891
France,FRA,1961,51.45388412
France,FRA,1962,51.41710663
France,FRA,1963,51.38244247
France,FRA,1964,51.34912109
France,FRA,1965,51.31648254
France,FRA,1966,51.28499603
France,FRA,1967,51.25489044
France,FRA,1968,51.22505951
France,FRA,1969,51.19423294
France,FRA,1970,51.16198349
France,FRA,1971,51.12717819
France,FRA,1972,51.09126663
France,FRA,1973,51.05947113
France,FRA,1974,51.03857422
France,FRA,1975,51.03290558
France,FRA,1976,51.04423141
France,FRA,1977,51.07007599
France,FRA,1978,51.1050415
France,FRA,1979,51.1415062
France,FRA,1980,51.17381287
France,FRA,1981,51.20038223
France,FRA,1982,51.22245026
France,FRA,1983,51.24075317
France,FRA,1984,51.25694275
France,FRA,1985,51.27225113
France,FRA,1986,51.28650665
France,FRA,1987,51.29919434
France,FRA,1988,51.31097794
France,FRA,1989,51.32269287
France,FRA,1990,51.33496094
France,FRA,1991,51.34805679
France,FRA,1992,51.36193085
France,FRA,1993,51.3765831
France,FRA,1994,51.39186096
France,FRA,1995,51.40767288
France,FRA,1996,51.4236908
France,FRA,1997,51.43992615
France,FRA,1998,51.45683289
France,FRA,1999,51.47503281
France,FRA,2000,51.4947052
France,FRA,2001,51.51629257
France,FRA,2002,51.53900909
France,FRA,2003,51.56030273
France,FRA,2004,51.57696152
France,FRA,2005,51.58690643
France,FRA,2006,51.58950043
France,FRA,2007,51.58586884
France,FRA,2008,51.57802963
France,FRA,2009,51.56883621
France,FRA,2010,51.56048965
France,FRA,2011,51.55313492
France,FRA,2012,51.54655457
France,FRA,2013,51.54211807
France,FRA,2014,51.54132462
France,FRA,2015,51.5450592
France,FRA,2016,51.55434418
France,FRA,2017,51.56844711
France,FRA,2018,51.58423996
France,FRA,2019,51.59738159
France,FRA,2020,51.60487747
Germany,DEU,1960,53.47212982
Germany,DEU,1961,53.38235855
Germany,DEU,1962,53.27058029
Germany,DEU,1963,53.14809799
Germany,DEU,1964,53.03034592
Germany,DEU,1965,52.92818832
Germany,DEU,1966,52.84436417
Germany,DEU,1967,52.77584076
Germany,DEU,1968,52.72028351
Germany,DEU,1969,52.67340851
Germany,DEU,1970,52.63183212
Germany,DEU,1971,52.5955658
Germany,DEU,1972,52.56515503
Germany,DEU,1973,52.53824997
Germany,DEU,1974,52.51200485
Germany,DEU,1975,52.48434448
Germany,DEU,1976,52.45331192
Germany,DEU,1977,52.41895676
Germany,DEU,1978,52.38358688
Germany,DEU,1979,52.35075378
Germany,DEU,1980,52.32253265
Germany,DEU,1981,52.30090714
Germany,DEU,1982,52.28367996
Germany,DEU,1983,52.26385117
Germany,DEU,1984,52.23178864
Germany,DEU,1985,52.18125534
Germany,DEU,1986,52.10926819
Germany,DEU,1987,52.01974487
Germany,DEU,1988,51.92180252
Germany,DEU,1989,51.82806015
Germany,DEU,1990,51.74745178
Germany,DEU,1991,51.68295288
Germany,DEU,1992,51.63187027
Germany,DEU,1993,51.59025192
Germany,DEU,1994,51.55181503
Germany,DEU,1995,51.51196671
Germany,DEU,1996,51.46969986
Germany,DEU,1997,51.42647934
Germany,DEU,1998,51.38311386
Germany,DEU,1999,51.34125137
Germany,DEU,2000,51.30211639
Germany,DEU,2001,51.26579666
Germany,DEU,2002,51.23163223
Germany,DEU,2003,51.19921112
Germany,DEU,2004,51.16790009
Germany,DEU,2005,51.13709259
Germany,DEU,2006,51.10634613
Germany,DEU,2007,51.07550049
Germany,DEU,2008,51.04455948
Germany,DEU,2009,51.01376724
Germany,DEU,2010,50.98319244
Germany,DEU,2011,50.95361328
Germany,DEU,2012,50.92469025
Germany,DEU,2013,50.8942337
Germany,DEU,2014,50.85928345
Germany,DEU,2015,50.81813431
Germany,DEU,2016,50.76964951
Germany,DEU,2017,50.71557236
Germany,DEU,2018,50.66036606
Germany,DEU,2019,50.60994339
Germany,DEU,2020,50.56820297
Greece,GRC,1960,50.98279572
Greece,GRC,1961,50.9654007
Greece,GRC,1962,50.96466446
Greece,GRC,1963,50.97283554
Greece,GRC,1964,50.97856522
Greece,GRC,1965,50.97395706
Greece,GRC,1966,50.9565506
Greece,GRC,1967,50.92910004
Greece,GRC,1968,50.89530563
Greece,GRC,1969,50.86084366
Greece,GRC,1970,50.82978439
Greece,GRC,1971,50.80347824
Greece,GRC,1972,50.78012466
Greece,GRC,1973,50.75722885
Greece,GRC,1974,50.73152542
Greece,GRC,1975,50.70082092
Greece,GRC,1976,50.66488647
Greece,GRC,1977,50.62556076
Greece,GRC,1978,50.58536148
Greece,GRC,1979,50.54748917
Greece,GRC,1980,50.51400375
Greece,GRC,1981,50.48477554
Greece,GRC,1982,50.45909882
Greece,GRC,1983,50.43803024
Greece,GRC,1984,50.42278671
Greece,GRC,1985,50.41386032
Greece,GRC,1986,50.41232681
Greece,GRC,1987,50.4172287
Greece,GRC,1988,50.42380905
Greece,GRC,1989,50.42625809
Greece,GRC,1990,50.42032242
Greece,GRC,1991,50.40501404
Greece,GRC,1992,50.3824501
Greece,GRC,1993,50.35608673
Greece,GRC,1994,50.33068848
Greece,GRC,1995,50.30979538
Greece,GRC,1996,50.29401779
Greece,GRC,1997,50.28302002
Greece,GRC,1998,50.27848816
Greece,GRC,1999,50.28216171
Greece,GRC,2000,50.29521942
Greece,GRC,2001,50.31723785
Greece,GRC,2002,50.34778976
Greece,GRC,2003,50.38767242
Greece,GRC,2004,50.43790436
Greece,GRC,2005,50.49874496
Greece,GRC,2006,50.57198334
Greece,GRC,2007,50.65569305
Greece,GRC,2008,50.74154663
Greece,GRC,2009,50.81767273
Greece,GRC,2010,50.875
Greece,GRC,2011,50.90915298
Greece,GRC,2012,50.92230225
Greece,GRC,2013,50.92071533
Greece,GRC,2014,50.91420364
Greece,GRC,2015,50.91008377
Greece,GRC,2016,50.91020203
Greece,GRC,2017,50.91258621
Greece,GRC,2018,50.91620255
Greece,GRC,2019,50.91857147
Greece,GRC,2020,50.91817474
Hungary,HUN,1960,51.78221893
Hungary,HUN,1961,51.77491379
Hungary,HUN,1962,51.74775314
Hungary,HUN,1963,51.70762634
Hungary,HUN,1964,51.66520691
Hungary,HUN,1965,51.62841797
Hungary,HUN,1966,51.5984993
Hungary,HUN,1967,51.57348251
Hungary,HUN,1968,51.55387878
Hungary,HUN,1969,51.53954315
Hungary,HUN,1970,51.53027344
Hungary,HUN,1971,51.52753448
Hungary,HUN,1972,51.53126907
Hungary,HUN,1973,51.5385437
Hungary,HUN,1974,51.54505539
Hungary,HUN,1975,51.54823685
Hungary,HUN,1976,51.54626465
Hungary,HUN,1977,51.540905
Hungary,HUN,1978,51.53684998
Hungary,HUN,1979,51.54070663
Hungary,HUN,1980,51.55689621
Hungary,HUN,1981,51.58749008
Hungary,HUN,1982,51.63049316
Hungary,HUN,1983,51.68141556
Hungary,HUN,1984,51.73332977
Hungary,HUN,1985,51.78113556
Hungary,HUN,1986,51.82273483
Hungary,HUN,1987,51.85957336
Hungary,HUN,1988,51.8943367
Hungary,HUN,1989,51.9313736
Hungary,HUN,1990,51.97355652
Hungary,HUN,1991,52.02148819
Hungary,HUN,1992,52.07334518
Hungary,HUN,1993,52.12691116
Hungary,HUN,1994,52.17937851
Hungary,HUN,1995,52.22858429
Hungary,HUN,1996,52.27389908
Hungary,HUN,1997,52.31578827
Hungary,HUN,1998,52.35441971
Hungary,HUN,1999,52.39053345
Hungary,HUN,2000,52.42437363
Hungary,HUN,2001,52.45601273
Hungary,HUN,2002,52.48488235
Hungary,HUN,2003,52.51020432
Hungary,HUN,2004,52.53097916
Hungary,HUN,2005,52.54645538
Hungary,HUN,2006,52.55654526
Hungary,HUN,2007,52.56151199
Hungary,HUN,2008,52.56176758
Hungary,HUN,2009,52.55796051
Hungary,HUN,2010,52.55071259
Hungary,HUN,2011,52.5401001
Hungary,HUN,2012,52.52633286
Hungary,HUN,2013,52.51042557
Hungary,HUN,2014,52.49385834
Hungary,HUN,2015,52.47748184
Hungary,HUN,2016,52.46191788
Hungary,HUN,2017,52.44706345
Hungary,HUN,2018,52.43242645
Hungary,HUN,2019,52.41711807
Hungary,HUN,2020,52.40039825
Iceland,ISL,1960,49.47318649
Iceland,ISL,1961,49.46339798
Iceland,ISL,1962,49.45788574
Iceland,ISL,1963,49.45414352
Iceland,ISL,1964,49.45417023
Iceland,ISL,1965,49.45479965
Iceland,ISL,1966,49.44997406
Iceland,ISL,1967,49.44960785
Iceland,ISL,1968,49.44332886
Iceland,ISL,1969,49.44125748
Iceland,ISL,1970,49.44062042
Iceland,ISL,1971,49.44397354
Iceland,ISL,1972,49.44552231
Iceland,ISL,1973,49.45137024
Iceland,ISL,1974,49.46327972
Iceland,ISL,1975,49.47518921
Iceland,ISL,1976,49.49517822
Iceland,ISL,1977,49.51477432
Iceland,ISL,1978,49.54047775
Iceland,ISL,1979,49.56524277
Iceland,ISL,1980,49.59037399
Iceland,ISL,1981,49.61957932
Iceland,ISL,1982,49.64440918
Iceland,ISL,1983,49.66973114
Iceland,ISL,1984,49.69265366
Iceland,ISL,1985,49.71294022
Iceland,ISL,1986,49.73335648
Iceland,ISL,1987,49.74965286
Iceland,ISL,1988,49.76436996
Iceland,ISL,1989,49.77616882
Iceland,ISL,1990,49.79023361
Iceland,ISL,1991,49.79970169
Iceland,ISL,1992,49.80761337
Iceland,ISL,1993,49.81762695
Iceland,ISL,1994,49.82839203
Iceland,ISL,1995,49.84549332
Iceland,ISL,1996,49.87081146
Iceland,ISL,1997,49.89714432
Iceland,ISL,1998,49.9262619
Iceland,ISL,1999,49.94853592
Iceland,ISL,2000,49.95738983
Iceland,ISL,2001,49.95935059
Iceland,ISL,2002,49.94935608
Iceland,ISL,2003,49.93175888
Iceland,ISL,2004,49.89969254
Iceland,ISL,2005,49.85829544
Iceland,ISL,2006,49.80298615
Iceland,ISL,2007,49.73900604
Iceland,ISL,2008,49.6784668
Iceland,ISL,2009,49.63566589
Iceland,ISL,2010,49.62196732
Iceland,ISL,2011,49.63876343
Iceland,ISL,2012,49.68339539
Iceland,ISL,2013,49.74052048
Iceland,ISL,2014,49.7939682
Iceland,ISL,2015,49.82845688
Iceland,ISL,2016,49.83760071
Iceland,ISL,2017,49.83148575
Iceland,ISL,2018,49.81171036
Iceland,ISL,2019,49.79014206
Iceland,ISL,2020,49.77142715
Ireland,IRL,1960,49.73049164
Ireland,IRL,1961,49.76496506
Ireland,IRL,1962,49.78362656
Ireland,IRL,1963,49.79144669
Ireland,IRL,1964,49.79475403
Ireland,IRL,1965,49.79834747
Ireland,IRL,1966,49.8038063
Ireland,IRL,1967,49.80991364
Ireland,IRL,1968,49.81551743
Ireland,IRL,1969,49.81846619
Ireland,IRL,1970,49.81729126
Ireland,IRL,1971,49.81277847
Ireland,IRL,1972,49.80646515
Ireland,IRL,1973,49.79891586
Ireland,IRL,1974,49.79101563
Ireland,IRL,1975,49.78370667
Ireland,IRL,1976,49.77671432
Ireland,IRL,1977,49.77113724
Ireland,IRL,1978,49.76956177
Ireland,IRL,1979,49.77604675
Ireland,IRL,1980,49.79292297
Ireland,IRL,1981,49.82069016
Ireland,IRL,1982,49.85814285
Ireland,IRL,1983,49.90257263
Ireland,IRL,1984,49.95106506
Ireland,IRL,1985,50.00091171
Ireland,IRL,1986,50.05182648
Ireland,IRL,1987,50.10357285
Ireland,IRL,1988,50.15436172
Ireland,IRL,1989,50.20139694
Ireland,IRL,1990,50.24271774
Ireland,IRL,1991,50.27708435
Ireland,IRL,1992,50.30371094
Ireland,IRL,1993,50.32308197
Ireland,IRL,1994,50.33641434
Ireland,IRL,1995,50.34441376
Ireland,IRL,1996,50.34875107
Ireland,IRL,1997,50.34962082
Ireland,IRL,1998,50.34311676
Ireland,IRL,1999,50.32485962
Ireland,IRL,2000,50.29278946
Ireland,IRL,2001,50.24518204
Ireland,IRL,2002,50.18693542
Ireland,IRL,2003,50.13026047
Ireland,IRL,2004,50.09126282
Ireland,IRL,2005,50.07954025
Ireland,IRL,2006,50.09725571
Ireland,IRL,2007,50.13829041
Ireland,IRL,2008,50.1943779
Ireland,IRL,2009,50.25495148
Ireland,IRL,2010,50.31229782
Ireland,IRL,2011,50.36689377
Ireland,IRL,2012,50.41993713
Ireland,IRL,2013,50.46576309
Ireland,IRL,2014,50.49709702
Ireland,IRL,2015,50.50868225
Ireland,IRL,2016,50.49769974
Ireland,IRL,2017,50.4669075
Ireland,IRL,2018,50.42551041
Ireland,IRL,2019,50.38568497
Ireland,IRL,2020,50.35540009
Italy,ITA,1960,51.38452911
Italy,ITA,1961,51.37844086
Italy,ITA,1962,51.37379837
Italy,ITA,1963,51.36919403
Italy,ITA,1964,51.36256409
Italy,ITA,1965,51.35262299
Italy,ITA,1966,51.33909988
Italy,ITA,1967,51.32317352
Italy,ITA,1968,51.30685425
Italy,ITA,1969,51.29281998
Italy,ITA,1970,51.28301239
Italy,ITA,1971,51.27744293
Italy,ITA,1972,51.27560806
Italy,ITA,1973,51.27815628
Italy,ITA,1974,51.28574753
Italy,ITA,1975,51.29848862
Italy,ITA,1976,51.31744766
Italy,ITA,1977,51.34158325
Italy,ITA,1978,51.36621857
Italy,ITA,1979,51.38515472
Italy,ITA,1980,51.39426422
Italy,ITA,1981,51.39155197
Italy,ITA,1982,51.37905502
Italy,ITA,1983,51.36164474
Italy,ITA,1984,51.34630585
Italy,ITA,1985,51.33804703
Italy,ITA,1986,51.33855057
Italy,ITA,1987,51.34629822
Italy,ITA,1988,51.35914993
Italy,ITA,1989,51.37366486
Italy,ITA,1990,51.38739777
Italy,ITA,1991,51.39888
Italy,ITA,1992,51.40900803
Italy,ITA,1993,51.42036819
Italy,ITA,1994,51.43668365
Italy,ITA,1995,51.46012497
Italy,ITA,1996,51.49335861
Italy,ITA,1997,51.53422165
Italy,ITA,1998,51.57420731
Italy,ITA,1999,51.60137558
Italy,ITA,2000,51.60776138
Italy,ITA,2001,51.58819199
Italy,ITA,2002,51.5474472
Italy,ITA,2003,51.49931335
Italy,ITA,2004,51.46259308
Italy,ITA,2005,51.44964218
Italy,ITA,2006,51.46543884
Italy,ITA,2007,51.50388336
Italy,ITA,2008,51.55264664
Italy,ITA,2009,51.5938797
Italy,ITA,2010,51.61495972
Italy,ITA,2011,51.61221695
Italy,ITA,2012,51.59035492
Italy,ITA,2013,51.55513382
Italy,ITA,2014,51.51542664
Italy,ITA,2015,51.47762299
Italy,ITA,2016,51.44285202
Italy,ITA,2017,51.40925598
Italy,ITA,2018,51.37667084
Italy,ITA,2019,51.34436035
Italy,ITA,2020,51.31188202
Latvia,LVA,1960,55.86696625
Latvia,LVA,1961,55.70868301
Latvia,LVA,1962,55.52097321
Latvia,LVA,1963,55.31625366
Latvia,LVA,1964,55.11277008
Latvia,LVA,1965,54.92267609
Latvia,LVA,1966,54.74871826
Latvia,LVA,1967,54.58862686
Latvia,LVA,1968,54.44507217
Latvia,LVA,1969,54.31933212
Latvia,LVA,1970,54.21291351
Latvia,LVA,1971,54.12641144
Latvia,LVA,1972,54.05990982
Latvia,LVA,1973,54.01062012
Latvia,LVA,1974,53.97496796
Latvia,LVA,1975,53.94962311
Latvia,LVA,1976,53.93347168
Latvia,LVA,1977,53.92521667
Latvia,LVA,1978,53.92164993
Latvia,LVA,1979,53.9199791
Latvia,LVA,1980,53.91680145
Latvia,LVA,1981,53.9146347
Latvia,LVA,1982,53.91207123
Latvia,LVA,1983,53.9010849
Latvia,LVA,1984,53.87057114
Latvia,LVA,1985,53.81466675
Latvia,LVA,1986,53.72695541
Latvia,LVA,1987,53.61520386
Latvia,LVA,1988,53.50495529
Latvia,LVA,1989,53.42881012
Latvia,LVA,1990,53.40751648
Latvia,LVA,1991,53.45156479
Latvia,LVA,1992,53.55224991
Latvia,LVA,1993,53.68732452
Latvia,LVA,1994,53.82146454
Latvia,LVA,1995,53.92676544
Latvia,LVA,1996,53.99268723
Latvia,LVA,1997,54.02594757
Latvia,LVA,1998,54.03547287
Latvia,LVA,1999,54.03839111
Latvia,LVA,2000,54.04777527
Latvia,LVA,2001,54.06537247
Latvia,LVA,2002,54.08633804
Latvia,LVA,2003,54.10966492
Latvia,LVA,2004,54.13239288
Latvia,LVA,2005,54.15182877
Latvia,LVA,2006,54.16826248
Latvia,LVA,2007,54.18251801
Latvia,LVA,2008,54.19412994
Latvia,LVA,2009,54.20275497
Latvia,LVA,2010,54.20804977
Latvia,LVA,2011,54.21058273
Latvia,LVA,2012,54.20962906
Latvia,LVA,2013,54.20333099
Latvia,LVA,2014,54.18732071
Latvia,LVA,2015,54.16036224
Latvia,LVA,2016,54.1199379
Latvia,LVA,2017,54.06784058
Latvia,LVA,2018,54.01016617
Latvia,LVA,2019,53.95554733
Latvia,LVA,2020,53.91077042
Lithuania,LTU,1960,53.90026093
Lithuania,LTU,1961,53.80081558
Lithuania,LTU,1962,53.69817352
Lithuania,LTU,1963,53.59623718
Lithuania,LTU,1964,53.49972916
Lithuania,LTU,1965,53.41169357
Lithuania,LTU,1966,53.33283234
Lithuania,LTU,1967,53.26197052
Lithuania,LTU,1968,53.19878387
Lithuania,LTU,1969,53.14258957
Lithuania,LTU,1970,53.09296417
Lithuania,LTU,1971,53.04985809
Lithuania,LTU,1972,53.01320267
Lithuania,LTU,1973,52.98193741
Lithuania,LTU,1974,52.95583725
Lithuania,LTU,1975,52.93385696
Lithuania,LTU,1976,52.91565323
Lithuania,LTU,1977,52.90055466
Lithuania,LTU,1978,52.88763046
Lithuania,LTU,1979,52.8752594
Lithuania,LTU,1980,52.86260223
Lithuania,LTU,1981,52.84955215
Lithuania,LTU,1982,52.83681107
Lithuania,LTU,1983,52.82260513
Lithuania,LTU,1984,52.8049202
Lithuania,LTU,1985,52.78330612
Lithuania,LTU,1986,52.75618362
Lithuania,LTU,1987,52.72608566
Lithuania,LTU,1988,52.69870377
Lithuania,LTU,1989,52.68162918
Lithuania,LTU,1990,52.68031693
Lithuania,LTU,1991,52.69646454
Lithuania,LTU,1992,52.72846222
Lithuania,LTU,1993,52.77309036
Lithuania,LTU,1994,52.82518387
Lithuania,LTU,1995,52.88088608
Lithuania,LTU,1996,52.93876648
Lithuania,LTU,1997,53.00020218
Lithuania,LTU,1998,53.06404114
Lithuania,LTU,1999,53.12965775
Lithuania,LTU,2000,53.19648743
Lithuania,LTU,2001,53.26280212
Lithuania,LTU,2002,53.32792282
Lithuania,LTU,2003,53.39429092
Lithuania,LTU,2004,53.46585083
Lithuania,LTU,2005,53.54507446
Lithuania,LTU,2006,53.63404465
Lithuania,LTU,2007,53.73015213
Lithuania,LTU,2008,53.82513428
Lithuania,LTU,2009,53.90749741
Lithuania,LTU,2010,53.96816254
Lithuania,LTU,2011,54.00356674
Lithuania,LTU,2012,54.01549911
Lithuania,LTU,2013,54.00686264
Lithuania,LTU,2014,53.98327637
Lithuania,LTU,2015,53.94966125
Lithuania,LTU,2016,53.90470123
Lithuania,LTU,2017,53.84936142
Lithuania,LTU,2018,53.79195786
Lithuania,LTU,2019,53.74464798
Lithuania,LTU,2020,53.71593094
Luxembourg,LUX,1960,50.61080551
Luxembourg,LUX,1961,50.69619751
Luxembourg,LUX,1962,50.73823166
Luxembourg,LUX,1963,50.75448227
Luxembourg,LUX,1964,50.76704407
Luxembourg,LUX,1965,50.79143524
Luxembourg,LUX,1966,50.8358345
Luxembourg,LUX,1967,50.88829803
Luxembourg,LUX,1968,50.94318771
Luxembourg,LUX,1969,50.98350525
Luxembourg,LUX,1970,51.00067139
Luxembourg,LUX,1971,50.99114227
Luxembourg,LUX,1972,50.96057892
Luxembourg,LUX,1973,50.92309189
Luxembourg,LUX,1974,50.89837265
Luxembourg,LUX,1975,50.89834595
Luxembourg,LUX,1976,50.92689896
Luxembourg,LUX,1977,50.97739792
Luxembourg,LUX,1978,51.04519653
Luxembourg,LUX,1979,51.1172905
Luxembourg,LUX,1980,51.18583298
Luxembourg,LUX,1981,51.25528336
Luxembourg,LUX,1982,51.32142258
Luxembourg,LUX,1983,51.37708282
Luxembourg,LUX,1984,51.40911484
Luxembourg,LUX,1985,51.41053391
Luxembourg,LUX,1986,51.3744278
Luxembourg,LUX,1987,51.30835724
Luxembourg,LUX,1988,51.22341156
Luxembourg,LUX,1989,51.14081573
Luxembourg,LUX,1990,51.07129669
Luxembourg,LUX,1991,51.02056122
Luxembourg,LUX,1992,50.98301697
Luxembourg,LUX,1993,50.95586777
Luxembourg,LUX,1994,50.93170166
Luxembourg,LUX,1995,50.90298843
Luxembourg,LUX,1996,50.87162018
Luxembourg,LUX,1997,50.83754349
Luxembourg,LUX,1998,50.80149841
Luxembourg,LUX,1999,50.77273178
Luxembourg,LUX,2000,50.74890137
Luxembourg,LUX,2001,50.73160553
Luxembourg,LUX,2002,50.72037506
Luxembourg,LUX,2003,50.70721817
Luxembourg,LUX,2004,50.68699646
Luxembourg,LUX,2005,50.65283585
Luxembourg,LUX,2006,50.60855484
Luxembourg,LUX,2007,50.5534668
Luxembourg,LUX,2008,50.48835754
Luxembourg,LUX,2009,50.41165161
Luxembourg,LUX,2010,50.32447815
Luxembourg,LUX,2011,50.22895813
Luxembourg,LUX,2012,50.12649536
Luxembourg,LUX,2013,50.01990509
Luxembourg,LUX,2014,49.91379929
Luxembourg,LUX,2015,49.81111145
Luxembourg,LUX,2016,49.71360397
Luxembourg,LUX,2017,49.62156677
Luxembourg,LUX,2018,49.53926086
Luxembourg,LUX,2019,49.47298431
Luxembourg,LUX,2020,49.42505646
Malta,MLT,1960,51.54374313
Malta,MLT,1961,51.54605103
Malta,MLT,1962,51.56735611
Malta,MLT,1963,51.59867859
Malta,MLT,1964,51.62513733
Malta,MLT,1965,51.63822937
Malta,MLT,1966,51.63590622
Malta,MLT,1967,51.61897659
Malta,MLT,1968,51.59869766
Malta,MLT,1969,51.57352448
Malta,MLT,1970,51.55171585
Malta,MLT,1971,51.53387833
Malta,MLT,1972,51.51527405
Malta,MLT,1973,51.49765778
Malta,MLT,1974,51.48645401
Malta,MLT,1975,51.47972107
Malta,MLT,1976,51.47830963
Malta,MLT,1977,51.48250198
Malta,MLT,1978,51.48080826
Malta,MLT,1979,51.46102905
Malta,MLT,1980,51.41148758
Malta,MLT,1981,51.32813644
Malta,MLT,1982,51.21882629
Malta,MLT,1983,51.09887695
Malta,MLT,1984,50.98718643
Malta,MLT,1985,50.90107346
Malta,MLT,1986,50.84294128
Malta,MLT,1987,50.80951691
Malta,MLT,1988,50.78921509
Malta,MLT,1989,50.77576828
Malta,MLT,1990,50.75894165
Malta,MLT,1991,50.73823929
Malta,MLT,1992,50.71597672
Malta,MLT,1993,50.69098663
Malta,MLT,1994,50.65979385
Malta,MLT,1995,50.62258911
Malta,MLT,1996,50.57710648
Malta,MLT,1997,50.52403259
Malta,MLT,1998,50.47045898
Malta,MLT,1999,50.42572784
Malta,MLT,2000,50.39641953
Malta,MLT,2001,50.38175964
Malta,MLT,2002,50.3794632
Malta,MLT,2003,50.38617325
Malta,MLT,2004,50.39645386
Malta,MLT,2005,50.40515518
Malta,MLT,2006,50.41370392
Malta,MLT,2007,50.42319107
Malta,MLT,2008,50.42430496
Malta,MLT,2009,50.40613937
Malta,MLT,2010,50.36704254
Malta,MLT,2011,50.29996109
Malta,MLT,2012,50.20993042
Malta,MLT,2013,50.11216736
Malta,MLT,2014,50.02371216
Malta,MLT,2015,49.95582962
Malta,MLT,2016,49.91068649
Malta,MLT,2017,49.88639832
Malta,MLT,2018,49.87331009
Malta,MLT,2019,49.86500168
Malta,MLT,2020,49.85267258
Montenegro,MNE,1960,51.31366348
Montenegro,MNE,1961,51.20380402
Montenegro,MNE,1962,51.08993912
Montenegro,MNE,1963,50.98787689
Montenegro,MNE,1964,50.91784286
Montenegro,MNE,1965,50.89009094
Montenegro,MNE,1966,50.90997696
Montenegro,MNE,1967,50.97089386
Montenegro,MNE,1968,51.05335999
Montenegro,MNE,1969,51.12773514
Montenegro,MNE,1970,51.17182541
Montenegro,MNE,1971,51.17582321
Montenegro,MNE,1972,51.14811707
Montenegro,MNE,1973,51.10066605
Montenegro,MNE,1974,51.05284882
Montenegro,MNE,1975,51.01712418
Montenegro,MNE,1976,50.992733
Montenegro,MNE,1977,50.97628403
Montenegro,MNE,1978,50.96375656
Montenegro,MNE,1979,50.94920731
Montenegro,MNE,1980,50.92887497
Montenegro,MNE,1981,50.90328217
Montenegro,MNE,1982,50.8760376
Montenegro,MNE,1983,50.8391037
Montenegro,MNE,1984,50.78629684
Montenegro,MNE,1985,50.714077
Montenegro,MNE,1986,50.61685181
Montenegro,MNE,1987,50.50016785
Montenegro,MNE,1988,50.37902451
Montenegro,MNE,1989,50.27576065
Montenegro,MNE,1990,50.20731735
Montenegro,MNE,1991,50.17978668
Montenegro,MNE,1992,50.18770981
Montenegro,MNE,1993,50.22161484
Montenegro,MNE,1994,50.26722717
Montenegro,MNE,1995,50.31389999
Montenegro,MNE,1996,50.35734558
Montenegro,MNE,1997,50.40163803
Montenegro,MNE,1998,50.44634628
Montenegro,MNE,1999,50.49491501
Montenegro,MNE,2000,50.54795074
Montenegro,MNE,2001,50.6053772
Montenegro,MNE,2002,50.66590881
Montenegro,MNE,2003,50.71969223
Montenegro,MNE,2004,50.7587738
Montenegro,MNE,2005,50.77613449
Montenegro,MNE,2006,50.76659393
Montenegro,MNE,2007,50.73762894
Montenegro,MNE,2008,50.69449997
Montenegro,MNE,2009,50.65247726
Montenegro,MNE,2010,50.61839294
Montenegro,MNE,2011,50.59614182
Montenegro,MNE,2012,50.58320999
Montenegro,MNE,2013,50.57604218
Montenegro,MNE,2014,50.57304764
Montenegro,MNE,2015,50.56933594
Montenegro,MNE,2016,50.56474686
Montenegro,MNE,2017,50.56177521
Montenegro,MNE,2018,50.55901337
Montenegro,MNE,2019,50.55542374
Montenegro,MNE,2020,50.55217361
Netherlands,NLD,1960,50.20810318
Netherlands,NLD,1961,50.19840622
Netherlands,NLD,1962,50.1844101
Netherlands,NLD,1963,50.16820145
Netherlands,NLD,1964,50.15247345
Netherlands,NLD,1965,50.13930511
Netherlands,NLD,1966,50.1293869
Netherlands,NLD,1967,50.12255859
Netherlands,NLD,1968,50.11841965
Netherlands,NLD,1969,50.11631393
Netherlands,NLD,1970,50.11590958
Netherlands,NLD,1971,50.1167984
Netherlands,NLD,1972,50.11959839
Netherlands,NLD,1973,50.12623978
Netherlands,NLD,1974,50.13910675
Netherlands,NLD,1975,50.15959167
Netherlands,NLD,1976,50.18809509
Netherlands,NLD,1977,50.22330856
Netherlands,NLD,1978,50.26296997
Netherlands,NLD,1979,50.30417633
Netherlands,NLD,1980,50.3443985
Netherlands,NLD,1981,50.38307953
Netherlands,NLD,1982,50.41996384
Netherlands,NLD,1983,50.45373535
Netherlands,NLD,1984,50.48299026
Netherlands,NLD,1985,50.50662613
Netherlands,NLD,1986,50.52434158
Netherlands,NLD,1987,50.53619003
Netherlands,NLD,1988,50.54227066
Netherlands,NLD,1989,50.54291534
Netherlands,NLD,1990,50.5386734
Netherlands,NLD,1991,50.52919006
Netherlands,NLD,1992,50.51513672
Netherlands,NLD,1993,50.49920273
Netherlands,NLD,1994,50.48492432
Netherlands,NLD,1995,50.47465515
Netherlands,NLD,1996,50.46951675
Netherlands,NLD,1997,50.46858978
Netherlands,NLD,1998,50.46974182
Netherlands,NLD,1999,50.46993256
Netherlands,NLD,2000,50.46686554
Netherlands,NLD,2001,50.460186
Netherlands,NLD,2002,50.45066833
Netherlands,NLD,2003,50.43888855
Netherlands,NLD,2004,50.42588425
Netherlands,NLD,2005,50.41242218
Netherlands,NLD,2006,50.39830399
Netherlands,NLD,2007,50.38339615
Netherlands,NLD,2008,50.36849594
Netherlands,NLD,2009,50.35454178
Netherlands,NLD,2010,50.34202194
Netherlands,NLD,2011,50.33164597
Netherlands,NLD,2012,50.32298279
Netherlands,NLD,2013,50.31436539
Netherlands,NLD,2014,50.30336761
Netherlands,NLD,2015,50.28844833
Netherlands,NLD,2016,50.2689209
Netherlands,NLD,2017,50.24575806
Netherlands,NLD,2018,50.22094345
Netherlands,NLD,2019,50.19726563
Netherlands,NLD,2020,50.17678452
North Macedonia,MKD,1960,49.39207458
North Macedonia,MKD,1961,49.38529968
North Macedonia,MKD,1962,49.38095474
North Macedonia,MKD,1963,49.37668228
North Macedonia,MKD,1964,49.37000656
North Macedonia,MKD,1965,49.35887527
North Macedonia,MKD,1966,49.34265518
North Macedonia,MKD,1967,49.32231903
North Macedonia,MKD,1968,49.30055618
North Macedonia,MKD,1969,49.28092194
North Macedonia,MKD,1970,49.26543045
North Macedonia,MKD,1971,49.25471115
North Macedonia,MKD,1972,49.24826813
North Macedonia,MKD,1973,49.24607086
North Macedonia,MKD,1974,49.24674988
North Macedonia,MKD,1975,49.25102997
North Macedonia,MKD,1976,49.25800705
North Macedonia,MKD,1977,49.26793671
North Macedonia,MKD,1978,49.28199005
North Macedonia,MKD,1979,49.30063248
North Macedonia,MKD,1980,49.32473373
North Macedonia,MKD,1981,49.35460663
North Macedonia,MKD,1982,49.38920593
North Macedonia,MKD,1983,49.42738342
North Macedonia,MKD,1984,49.46766281
North Macedonia,MKD,1985,49.50825882
North Macedonia,MKD,1986,49.54914093
North Macedonia,MKD,1987,49.59006882
North Macedonia,MKD,1988,49.62981796
North Macedonia,MKD,1989,49.66725159
North Macedonia,MKD,1990,49.70028305
North Macedonia,MKD,1991,49.72934341
North Macedonia,MKD,1992,49.75403214
North Macedonia,MKD,1993,49.77595901
North Macedonia,MKD,1994,49.79600906
North Macedonia,MKD,1995,49.8152771
North Macedonia,MKD,1996,49.83354568
North Macedonia,MKD,1997,49.85017014
North Macedonia,MKD,1998,49.86695099
North Macedonia,MKD,1999,49.88488007
North Macedonia,MKD,2000,49.90512848
North Macedonia,MKD,2001,49.92828751
North Macedonia,MKD,2002,49.95378113
North Macedonia,MKD,2003,49.97954559
North Macedonia,MKD,2004,50.00160599
North Macedonia,MKD,2005,50.01810455
North Macedonia,MKD,2006,50.02820969
North Macedonia,MKD,2007,50.03306961
North Macedonia,MKD,2008,50.03282166
North Macedonia,MKD,2009,50.02861404
North Macedonia,MKD,2010,50.02141571
North Macedonia,MKD,2011,50.01124191
North Macedonia,MKD,2012,49.99814224
North Macedonia,MKD,2013,49.98441696
North Macedonia,MKD,2014,49.97290421
North Macedonia,MKD,2015,49.96477127
North Macedonia,MKD,2016,49.96131134
North Macedonia,MKD,2017,49.96220016
North Macedonia,MKD,2018,49.966465
North Macedonia,MKD,2019,49.97235489
North Macedonia,MKD,2020,49.97883224
Norway,NOR,1960,50.18933487
Norway,NOR,1961,50.1868782
Norway,NOR,1962,50.18642807
Norway,NOR,1963,50.18858337
Norway,NOR,1964,50.19355011
Norway,NOR,1965,50.20195007
Norway,NOR,1966,50.21348572
Norway,NOR,1967,50.22771072
Norway,NOR,1968,50.2433548
Norway,NOR,1969,50.25860596
Norway,NOR,1970,50.27263641
Norway,NOR,1971,50.28453827
Norway,NOR,1972,50.29496384
Norway,NOR,1973,50.3050499
Norway,NOR,1974,50.31714249
Norway,NOR,1975,50.33233261
Norway,NOR,1976,50.35075378
Norway,NOR,1977,50.37191391
Norway,NOR,1978,50.39522552
Norway,NOR,1979,50.41993713
Norway,NOR,1980,50.44548798
Norway,NOR,1981,50.47197342
Norway,NOR,1982,50.49875259
Norway,NOR,1983,50.52415085
Norway,NOR,1984,50.54504776
Norway,NOR,1985,50.5599556
Norway,NOR,1986,50.56752777
Norway,NOR,1987,50.56869125
Norway,NOR,1988,50.56549454
Norway,NOR,1989,50.56138992
Norway,NOR,1990,50.55845261
Norway,NOR,1991,50.55769348
Norway,NOR,1992,50.55810165
Norway,NOR,1993,50.55802917
Norway,NOR,1994,50.55493164
Norway,NOR,1995,50.54714966
Norway,NOR,1996,50.53324127
Norway,NOR,1997,50.51413345
Norway,NOR,1998,50.49289703
Norway,NOR,1999,50.47386932
Norway,NOR,2000,50.45954132
Norway,NOR,2001,50.45168686
Norway,NOR,2002,50.44794083
Norway,NOR,2003,50.44145584
Norway,NOR,2004,50.42314148
Norway,NOR,2005,50.38713455
Norway,NOR,2006,50.33175659
Norway,NOR,2007,50.2606163
Norway,NOR,2008,50.17887115
Norway,NOR,2009,50.09350967
Norway,NOR,2010,50.0101738
Norway,NOR,2011,49.9298439
Norway,NOR,2012,49.8522644
Norway,NOR,2013,49.77944565
Norway,NOR,2014,49.7133255
Norway,NOR,2015,49.65470886
Norway,NOR,2016,49.60420609
Norway,NOR,2017,49.56152725
Norway,NOR,2018,49.5246315
Norway,NOR,2019,49.49092484
Norway,NOR,2020,49.45838928
Poland,POL,1960,51.63206482
Poland,POL,1961,51.58577728
Poland,POL,1962,51.5533638
Poland,POL,1963,51.53139877
Poland,POL,1964,51.51500702
Poland,POL,1965,51.50055313
Poland,POL,1966,51.48760605
Poland,POL,1967,51.47669601
Poland,POL,1968,51.46644592
Poland,POL,1969,51.4552536
Poland,POL,1970,51.44224167
Poland,POL,1971,51.42636108
Poland,POL,1972,51.40791321
Poland,POL,1973,51.38894653
Poland,POL,1974,51.37229538
Poland,POL,1975,51.35984802
Poland,POL,1976,51.35251617
Poland,POL,1977,51.34928894
Poland,POL,1978,51.34775162
Poland,POL,1979,51.34449768
Poland,POL,1980,51.33741379
Poland,POL,1981,51.32565308
Poland,POL,1982,51.31053162
Poland,POL,1983,51.29474258
Poland,POL,1984,51.28194809
Poland,POL,1985,51.27460861
Poland,POL,1986,51.27349472
Poland,POL,1987,51.2776413
Poland,POL,1988,51.28562546
Poland,POL,1989,51.29535294
Poland,POL,1990,51.30527496
Poland,POL,1991,51.31509781
Poland,POL,1992,51.32530212
Poland,POL,1993,51.33615875
Poland,POL,1994,51.34822464
Poland,POL,1995,51.36186218
Poland,POL,1996,51.37681198
Poland,POL,1997,51.39287567
Poland,POL,1998,51.41052246
Poland,POL,1999,51.43040466
Poland,POL,2000,51.45281601
Poland,POL,2001,51.47763824
Poland,POL,2002,51.50422287
Poland,POL,2003,51.53155899
Poland,POL,2004,51.55830383
Poland,POL,2005,51.58324814
Poland,POL,2006,51.60674667
Poland,POL,2007,51.62835693
Poland,POL,2008,51.64513779
Poland,POL,2009,51.65333939
Poland,POL,2010,51.65067291
Poland,POL,2011,51.63545227
Poland,POL,2012,51.60944748
Poland,POL,2013,51.57836151
Poland,POL,2014,51.55020523
Poland,POL,2015,51.5308342
Poland,POL,2016,51.52244186
Poland,POL,2017,51.52338028
Poland,POL,2018,51.53070831
Poland,POL,2019,51.53966904
Poland,POL,2020,51.54682159
Portugal,PRT,1960,52.20613861
Portugal,PRT,1961,52.2230072
Portugal,PRT,1962,52.23542023
Portugal,PRT,1963,52.24921417
Portugal,PRT,1964,52.27227402
Portugal,PRT,1965,52.30936813
Portugal,PRT,1966,52.36472321
Portugal,PRT,1967,52.43418884
Portugal,PRT,1968,52.50411606
Portugal,PRT,1969,52.55436707
Portugal,PRT,1970,52.5702858
Portugal,PRT,1971,52.54700089
Portugal,PRT,1972,52.49082184
Portugal,PRT,1973,52.41234589
Portugal,PRT,1974,52.32635117
Portugal,PRT,1975,52.24331284
Portugal,PRT,1976,52.16511536
Portugal,PRT,1977,52.09068298
Portugal,PRT,1978,52.02301407
Portugal,PRT,1979,51.96499634
Portugal,PRT,1980,51.91831207
Portugal,PRT,1981,51.88398743
Portugal,PRT,1982,51.86146545
Portugal,PRT,1983,51.84882355
Portugal,PRT,1984,51.84280777
Portugal,PRT,1985,51.84104919
Portugal,PRT,1986,51.84320068
Portugal,PRT,1987,51.84923553
Portugal,PRT,1988,51.85679626
Portugal,PRT,1989,51.86313629
Portugal,PRT,1990,51.86618805
Portugal,PRT,1991,51.86460114
Portugal,PRT,1992,51.85868454
Portugal,PRT,1993,51.84966278
Portugal,PRT,1994,51.83966446
Portugal,PRT,1995,51.83014679
Portugal,PRT,1996,51.82319641
Portugal,PRT,1997,51.81834793
Portugal,PRT,1998,51.81188583
Portugal,PRT,1999,51.79851151
Portugal,PRT,2000,51.77558899
Portugal,PRT,2001,51.74027634
Portugal,PRT,2002,51.69680023
Portugal,PRT,2003,51.65806198
Portugal,PRT,2004,51.64139175
Portugal,PRT,2005,51.65847778
Portugal,PRT,2006,51.71283722
Portugal,PRT,2007,51.79888535
Portugal,PRT,2008,51.90756989
Portugal,PRT,2009,52.02594757
Portugal,PRT,2010,52.14373779
Portugal,PRT,2011,52.25978851
Portugal,PRT,2012,52.37477493
Portugal,PRT,2013,52.48216248
Portugal,PRT,2014,52.57407761
Portugal,PRT,2015,52.64463425
Portugal,PRT,2016,52.68986511
Portugal,PRT,2017,52.71043015
Portugal,PRT,2018,52.71195984
Portugal,PRT,2019,52.70301437
Portugal,PRT,2020,52.6902771
Romania,ROU,1960,51.16554642
Romania,ROU,1961,51.1318512
Romania,ROU,1962,51.10157776
Romania,ROU,1963,51.07353592
Romania,ROU,1964,51.04613113
Romania,ROU,1965,51.01837921
Romania,ROU,1966,50.9901619
Romania,ROU,1967,50.96190262
Romania,ROU,1968,50.9337883
Romania,ROU,1969,50.90616608
Romania,ROU,1970,50.87925339
Romania,ROU,1971,50.8531189
Romania,ROU,1972,50.82777786
Romania,ROU,1973,50.80342865
Romania,ROU,1974,50.78017426
Romania,ROU,1975,50.75827789
Romania,ROU,1976,50.73758698
Romania,ROU,1977,50.71832275
Romania,ROU,1978,50.70143509
Romania,ROU,1979,50.68817902
Romania,ROU,1980,50.67925644
Romania,ROU,1981,50.67537689
Romania,ROU,1982,50.67608643
Romania,ROU,1983,50.67954636
Romania,ROU,1984,50.68328857
Romania,ROU,1985,50.68564987
Romania,ROU,1986,50.68578339
Romania,ROU,1987,50.68470001
Romania,ROU,1988,50.68499374
Romania,ROU,1989,50.69018173
Romania,ROU,1990,50.7027626
Romania,ROU,1991,50.72345734
Romania,ROU,1992,50.75139618
Romania,ROU,1993,50.78528976
Romania,ROU,1994,50.82308197
Romania,ROU,1995,50.86304092
Romania,ROU,1996,50.90486526
Romania,ROU,1997,50.94869232
Romania,ROU,1998,50.99328995
Romania,ROU,1999,51.03723907
Romania,ROU,2000,51.07944107
Romania,ROU,2001,51.11832428
Romania,ROU,2002,51.15363312
Romania,ROU,2003,51.18735886
Romania,ROU,2004,51.22247314
Romania,ROU,2005,51.2609787
Romania,ROU,2006,51.30495453
Romania,ROU,2007,51.35277176
Romania,ROU,2008,51.397892
Romania,ROU,2009,51.43098068
Romania,ROU,2010,51.44545746
Romania,ROU,2011,51.43748856
Romania,ROU,2012,51.41026306
Romania,ROU,2013,51.37303543
Romania,ROU,2014,51.33926773
Romania,ROU,2015,51.31857681
Romania,ROU,2016,51.31468964
Romania,ROU,2017,51.32475662
Romania,ROU,2018,51.34374237
Romania,ROU,2019,51.36327362
Romania,ROU,2020,51.37713623
Serbia,SRB,1960,50.80499268
Serbia,SRB,1961,50.76419449
Serbia,SRB,1962,50.72494507
Serbia,SRB,1963,50.68847275
Serbia,SRB,1964,50.65656662
Serbia,SRB,1965,50.63024902
Serbia,SRB,1966,50.60995865
Serbia,SRB,1967,50.59486389
Serbia,SRB,1968,50.58371353
Serbia,SRB,1969,50.57464981
Serbia,SRB,1970,50.56630707
Serbia,SRB,1971,50.55814743
Serbia,SRB,1972,50.55054092
Serbia,SRB,1973,50.54421234
Serbia,SRB,1974,50.5401268
Serbia,SRB,1975,50.53901291
Serbia,SRB,1976,50.54111862
Serbia,SRB,1977,50.54587555
Serbia,SRB,1978,50.55188751
Serbia,SRB,1979,50.55750275
Serbia,SRB,1980,50.56157303
Serbia,SRB,1981,50.56354904
Serbia,SRB,1982,50.56404877
Serbia,SRB,1983,50.56451797
Serbia,SRB,1984,50.56678391
Serbia,SRB,1985,50.57220078
Serbia,SRB,1986,50.58134079
Serbia,SRB,1987,50.59378433
Serbia,SRB,1988,50.60847092
Serbia,SRB,1989,50.62380219
Serbia,SRB,1990,50.63866806
Serbia,SRB,1991,50.65214157
Serbia,SRB,1992,50.66495895
Serbia,SRB,1993,50.67921066
Serbia,SRB,1994,50.69804382
Serbia,SRB,1995,50.72357941
Serbia,SRB,1996,50.7569046
Serbia,SRB,1997,50.7969017
Serbia,SRB,1998,50.84099579
Serbia,SRB,1999,50.88504028
Serbia,SRB,2000,50.92534256
Serbia,SRB,2001,50.96086121
Serbia,SRB,2002,50.99165726
Serbia,SRB,2003,51.0163765
Serbia,SRB,2004,51.03353119
Serbia,SRB,2005,51.04242706
Serbia,SRB,2006,51.04206467
Serbia,SRB,2007,51.03298187
Serbia,SRB,2008,51.01861572
Serbia,SRB,2009,51.0036087
Serbia,SRB,2010,50.99163055
Serbia,SRB,2011,50.98384476
Serbia,SRB,2012,50.97978592
Serbia,SRB,2013,50.97910309
Serbia,SRB,2014,50.98064804
Serbia,SRB,2015,50.98365021
Serbia,SRB,2016,50.98826218
Serbia,SRB,2017,50.9946785
Serbia,SRB,2018,51.00252151
Serbia,SRB,2019,51.01080322
Serbia,SRB,2020,51.01900101
Slovakia,SVK,1960,50.63940048
Slovakia,SVK,1961,50.60739899
Slovakia,SVK,1962,50.58439255
Slovakia,SVK,1963,50.57035065
Slovakia,SVK,1964,50.56499863
Slovakia,SVK,1965,50.56829834
Slovakia,SVK,1966,50.57990646
Slovakia,SVK,1967,50.59883499
Slovakia,SVK,1968,50.62261581
Slovakia,SVK,1969,50.64800262
Slovakia,SVK,1970,50.67287064
Slovakia,SVK,1971,50.69602203
Slovakia,SVK,1972,50.71783447
Slovakia,SVK,1973,50.73822784
Slovakia,SVK,1974,50.75737
Slovakia,SVK,1975,50.77576447
Slovakia,SVK,1976,50.79275513
Slovakia,SVK,1977,50.80859375
Slovakia,SVK,1978,50.82468414
Slovakia,SVK,1979,50.8434639
Slovakia,SVK,1980,50.86618805
Slovakia,SVK,1981,50.89319992
Slovakia,SVK,1982,50.92406464
Slovakia,SVK,1983,50.95754242
Slovakia,SVK,1984,50.99202347
Slovakia,SVK,1985,51.02612305
Slovakia,SVK,1986,51.05966187
Slovakia,SVK,1987,51.09267807
Slovakia,SVK,1988,51.1252594
Slovakia,SVK,1989,51.15756226
Slovakia,SVK,1990,51.18969345
Slovakia,SVK,1991,51.22163773
Slovakia,SVK,1992,51.25303268
Slovakia,SVK,1993,51.28322983
Slovakia,SVK,1994,51.31182861
Slovakia,SVK,1995,51.33850479
Slovakia,SVK,1996,51.36270905
Slovakia,SVK,1997,51.38466263
Slovakia,SVK,1998,51.40491104
Slovakia,SVK,1999,51.42435455
Slovakia,SVK,2000,51.44338608
Slovakia,SVK,2001,51.46237946
Slovakia,SVK,2002,51.48078156
Slovakia,SVK,2003,51.49737549
Slovakia,SVK,2004,51.51054382
Slovakia,SVK,2005,51.51888275
Slovakia,SVK,2006,51.52228165
Slovakia,SVK,2007,51.52087784
Slovakia,SVK,2008,51.5153656
Slovakia,SVK,2009,51.50668716
Slovakia,SVK,2010,51.49535751
Slovakia,SVK,2011,51.48189926
Slovakia,SVK,2012,51.46656799
Slovakia,SVK,2013,51.44940186
Slovakia,SVK,2014,51.43013382
Slovakia,SVK,2015,51.40909576
Slovakia,SVK,2016,51.385952
Slovakia,SVK,2017,51.3615799
Slovakia,SVK,2018,51.33833313
Slovakia,SVK,2019,51.3192749
Slovakia,SVK,2020,51.30672455
Slovenia,SVN,1960,52.09570313
Slovenia,SVN,1961,52.10847855
Slovenia,SVN,1962,52.13254547
Slovenia,SVN,1963,52.15359879
Slovenia,SVN,1964,52.15175247
Slovenia,SVN,1965,52.1149292
Slovenia,SVN,1966,52.03710556
Slovenia,SVN,1967,51.92611694
Slovenia,SVN,1968,51.80075073
Slovenia,SVN,1969,51.68478012
Slovenia,SVN,1970,51.59722519
Slovenia,SVN,1971,51.5408287
Slovenia,SVN,1972,51.51102066
Slovenia,SVN,1973,51.50481415
Slovenia,SVN,1974,51.51644897
Slovenia,SVN,1975,51.54132843
Slovenia,SVN,1976,51.58203888
Slovenia,SVN,1977,51.63654327
Slovenia,SVN,1978,51.68856049
Slovenia,SVN,1979,51.71775055
Slovenia,SVN,1980,51.7110405
Slovenia,SVN,1981,51.66194534
Slovenia,SVN,1982,51.57874298
Slovenia,SVN,1983,51.4810257
Slovenia,SVN,1984,51.39468384
Slovenia,SVN,1985,51.33793259
Slovenia,SVN,1986,51.31409454
Slovenia,SVN,1987,51.31610107
Slovenia,SVN,1988,51.3371315
Slovenia,SVN,1989,51.36633301
Slovenia,SVN,1990,51.39513397
Slovenia,SVN,1991,51.42495728
Slovenia,SVN,1992,51.45665359
Slovenia,SVN,1993,51.48068619
Slovenia,SVN,1994,51.48622513
Slovenia,SVN,1995,51.46575165
Slovenia,SVN,1996,51.41130829
Slovenia,SVN,1997,51.32749939
Slovenia,SVN,1998,51.23222351
Slovenia,SVN,1999,51.1505928
Slovenia,SVN,2000,51.0993042
Slovenia,SVN,2001,51.0882988
Slovenia,SVN,2002,51.10848236
Slovenia,SVN,2003,51.13798523
Slovenia,SVN,2004,51.14333725
Slovenia,SVN,2005,51.10254288
Slovenia,SVN,2006,51.00650406
Slovenia,SVN,2007,50.86768723
Slovenia,SVN,2008,50.70861053
Slovenia,SVN,2009,50.5618782
Slovenia,SVN,2010,50.44960785
Slovenia,SVN,2011,50.37844849
Slovenia,SVN,2012,50.34084702
Slovenia,SVN,2013,50.32576752
Slovenia,SVN,2014,50.31811523
Slovenia,SVN,2015,50.30651474
Slovenia,SVN,2016,50.28842545
Slovenia,SVN,2017,50.26755524
Slovenia,SVN,2018,50.24520874
Slovenia,SVN,2019,50.22336578
Slovenia,SVN,2020,50.20375824
Spain,ESP,1960,51.42873383
Spain,ESP,1961,51.39605713
Spain,ESP,1962,51.36780548
Spain,ESP,1963,51.34327698
Spain,ESP,1964,51.32136154
Spain,ESP,1965,51.3010788
Spain,ESP,1966,51.28255463
Spain,ESP,1967,51.26544952
Spain,ESP,1968,51.24791336
Spain,ESP,1969,51.2276535
Spain,ESP,1970,51.20323944
Spain,ESP,1971,51.17427063
Spain,ESP,1972,51.14171219
Spain,ESP,1973,51.10731506
Spain,ESP,1974,51.0735321
Spain,ESP,1975,51.04214859
Spain,ESP,1976,51.01361847
Spain,ESP,1977,50.98780441
Spain,ESP,1978,50.96536636
Spain,ESP,1979,50.94682693
Spain,ESP,1980,50.93260193
Spain,ESP,1981,50.92258453
Spain,ESP,1982,50.91669464
Spain,ESP,1983,50.9152832
Spain,ESP,1984,50.91878128
Spain,ESP,1985,50.92720795
Spain,ESP,1986,50.94053268
Spain,ESP,1987,50.95789337
Spain,ESP,1988,50.97739029
Spain,ESP,1989,50.9965477
Spain,ESP,1990,51.01332092
Spain,ESP,1991,51.02693176
Spain,ESP,1992,51.03702164
Spain,ESP,1993,51.04261017
Spain,ESP,1994,51.04272842
Spain,ESP,1995,51.03668213
Spain,ESP,1996,51.02458191
Spain,ESP,1997,51.00645828
Spain,ESP,1998,50.98156357
Spain,ESP,1999,50.94910812
Spain,ESP,2000,50.90928268
Spain,ESP,2001,50.86313248
Spain,ESP,2002,50.81293488
Spain,ESP,2003,50.76152802
Spain,ESP,2004,50.71207047
Spain,ESP,2005,50.66724777
Spain,ESP,2006,50.62559509
Spain,ESP,2007,50.58810043
Spain,ESP,2008,50.56183624
Spain,ESP,2009,50.55550385
Spain,ESP,2010,50.57397461
Spain,ESP,2011,50.62118149
Spain,ESP,2012,50.69281769
Spain,ESP,2013,50.77529907
Spain,ESP,2014,50.84897995
Spain,ESP,2015,50.89929581
Spain,ESP,2016,50.92044067
Spain,ESP,2017,50.91687393
Spain,ESP,2018,50.89664078
Spain,ESP,2019,50.87242508
Spain,ESP,2020,50.85350418
Sweden,SWE,1960,50.12197876
Sweden,SWE,1961,50.11312485
Sweden,SWE,1962,50.10185242
Sweden,SWE,1963,50.08921814
Sweden,SWE,1964,50.0766983
Sweden,SWE,1965,50.06608963
Sweden,SWE,1966,50.05682373
Sweden,SWE,1967,50.04935455
Sweden,SWE,1968,50.04686737
Sweden,SWE,1969,50.05306625
Sweden,SWE,1970,50.07048416
Sweden,SWE,1971,50.1002121
Sweden,SWE,1972,50.14075851
Sweden,SWE,1973,50.18825912
Sweden,SWE,1974,50.23703766
Sweden,SWE,1975,50.28309631
Sweden,SWE,1976,50.32446289
Sweden,SWE,1977,50.36193466
Sweden,SWE,1978,50.39674377
Sweden,SWE,1979,50.43131256
Sweden,SWE,1980,50.4669075
Sweden,SWE,1981,50.50440979
Sweden,SWE,1982,50.54231644
Sweden,SWE,1983,50.57759094
Sweden,SWE,1984,50.6058197
Sweden,SWE,1985,50.62420654
Sweden,SWE,1986,50.63132477
Sweden,SWE,1987,50.62860107
Sweden,SWE,1988,50.61965942
Sweden,SWE,1989,50.60943985
Sweden,SWE,1990,50.60150909
Sweden,SWE,1991,50.59687042
Sweden,SWE,1992,50.59429169
Sweden,SWE,1993,50.5930748
Sweden,SWE,1994,50.59168243
Sweden,SWE,1995,50.58901215
Sweden,SWE,1996,50.5848732
Sweden,SWE,1997,50.57950592
Sweden,SWE,1998,50.57201767
Sweden,SWE,1999,50.56136322
Sweden,SWE,2000,50.54673386
Sweden,SWE,2001,50.52822113
Sweden,SWE,2002,50.50582886
Sweden,SWE,2003,50.47914505
Sweden,SWE,2004,50.44782639
Sweden,SWE,2005,50.41182709
Sweden,SWE,2006,50.37101364
Sweden,SWE,2007,50.32645035
Sweden,SWE,2008,50.28007126
Sweden,SWE,2009,50.23418045
Sweden,SWE,2010,50.19071579
Sweden,SWE,2011,50.15019608
Sweden,SWE,2012,50.11248779
Sweden,SWE,2013,50.07773972
Sweden,SWE,2014,50.04579544
Sweden,SWE,2015,50.01657486
Sweden,SWE,2016,49.99023438
Sweden,SWE,2017,49.96683884
Sweden,SWE,2018,49.94577789
Sweden,SWE,2019,49.92625427
Sweden,SWE,2020,49.90779495
Switzerland,CHE,1960,51.56230927
Switzerland,CHE,1961,51.51633835
Switzerland,CHE,1962,51.46474838
Switzerland,CHE,1963,51.41061401
Switzerland,CHE,1964,51.35732651
Switzerland,CHE,1965,51.30767441
Switzerland,CHE,1966,51.26107788
Switzerland,CHE,1967,51.21788788
Switzerland,CHE,1968,51.18123627
Switzerland,CHE,1969,51.15527344
Switzerland,CHE,1970,51.14234543
Switzerland,CHE,1971,51.14339828
Switzerland,CHE,1972,51.15657806
Switzerland,CHE,1973,51.17876053
Switzerland,CHE,1974,51.20580292
Switzerland,CHE,1975,51.23429108
Switzerland,CHE,1976,51.26401138
Switzerland,CHE,1977,51.29476929
Switzerland,CHE,1978,51.32296753
Switzerland,CHE,1979,51.34417343
Switzerland,CHE,1980,51.35518265
Switzerland,CHE,1981,51.35436249
Switzerland,CHE,1982,51.34252548
Switzerland,CHE,1983,51.32302856
Switzerland,CHE,1984,51.30031586
Switzerland,CHE,1985,51.2779274
Switzerland,CHE,1986,51.25652695
Switzerland,CHE,1987,51.23564148
Switzerland,CHE,1988,51.21633911
Switzerland,CHE,1989,51.19963074
Switzerland,CHE,1990,51.18599319
Switzerland,CHE,1991,51.17597961
Switzerland,CHE,1992,51.1695137
Switzerland,CHE,1993,51.16560364
Switzerland,CHE,1994,51.1632843
Switzerland,CHE,1995,51.16133499
Switzerland,CHE,1996,51.15923691
Switzerland,CHE,1997,51.15668869
Switzerland,CHE,1998,51.1531868
Switzerland,CHE,1999,51.14844894
Switzerland,CHE,2000,51.14175034
Switzerland,CHE,2001,51.13354111
Switzerland,CHE,2002,51.12298965
Switzerland,CHE,2003,51.10731125
Switzerland,CHE,2004,51.08305359
Switzerland,CHE,2005,51.04793549
Switzerland,CHE,2006,51.00156784
Switzerland,CHE,2007,50.9459343
Switzerland,CHE,2008,50.88414764
Switzerland,CHE,2009,50.821064
Switzerland,CHE,2010,50.75993729
Switzerland,CHE,2011,50.70155716
Switzerland,CHE,2012,50.64587784
Switzerland,CHE,2013,50.59442139
Switzerland,CHE,2014,50.54843521
Switzerland,CHE,2015,50.50861359
Switzerland,CHE,2016,50.47559738
Switzerland,CHE,2017,50.44900131
Switzerland,CHE,2018,50.42712402
Switzerland,CHE,2019,50.40761185
Switzerland,CHE,2020,50.38893509
Turkey,TUR,1960,50.15848923
Turkey,TUR,1961,50.18598938
Turkey,TUR,1962,50.21066666
Turkey,TUR,1963,50.23285675
Turkey,TUR,1964,50.25285721
Turkey,TUR,1965,50.27088928
Turkey,TUR,1966,50.28759766
Turkey,TUR,1967,50.30293274
Turkey,TUR,1968,50.31564331
Turkey,TUR,1969,50.32416534
Turkey,TUR,1970,50.32781982
Turkey,TUR,1971,50.32651901
Turkey,TUR,1972,50.32171249
Turkey,TUR,1973,50.31611252
Turkey,TUR,1974,50.31303024
Turkey,TUR,1975,50.31470871
Turkey,TUR,1976,50.32117081
Turkey,TUR,1977,50.33178329
Turkey,TUR,1978,50.34704971
Turkey,TUR,1979,50.36738586
Turkey,TUR,1980,50.39264679
Turkey,TUR,1981,50.42325592
Turkey,TUR,1982,50.45806885
Turkey,TUR,1983,50.49357605
Turkey,TUR,1984,50.52548599
Turkey,TUR,1985,50.55111694
Turkey,TUR,1986,50.56957626
Turkey,TUR,1987,50.58222198
Turkey,TUR,1988,50.59159088
Turkey,TUR,1989,50.60114288
Turkey,TUR,1990,50.61314011
Turkey,TUR,1991,50.6280365
Turkey,TUR,1992,50.64486313
Turkey,TUR,1993,50.66262436
Turkey,TUR,1994,50.67985153
Turkey,TUR,1995,50.69552612
Turkey,TUR,1996,50.7096138
Turkey,TUR,1997,50.72246552
Turkey,TUR,1998,50.73397446
Turkey,TUR,1999,50.74406052
Turkey,TUR,2000,50.75276566
Turkey,TUR,2001,50.75969696
Turkey,TUR,2002,50.76500702
Turkey,TUR,2003,50.76986313
Turkey,TUR,2004,50.77579117
Turkey,TUR,2005,50.78365326
Turkey,TUR,2006,50.79367447
Turkey,TUR,2007,50.80499268
Turkey,TUR,2008,50.8159523
Turkey,TUR,2009,50.82433701
Turkey,TUR,2010,50.82852936
Turkey,TUR,2011,50.82908249
Turkey,TUR,2012,50.82641983
Turkey,TUR,2013,50.81889725
Turkey,TUR,2014,50.80455017
Turkey,TUR,2015,50.78269196
Turkey,TUR,2016,50.75214005
Turkey,TUR,2017,50.7150383
Turkey,TUR,2018,50.67781448
Turkey,TUR,2019,50.64856339
Turkey,TUR,2020,50.63245773
United Kingdom,GBR,1960,51.70799637
United Kingdom,GBR,1961,51.66231155
United Kingdom,GBR,1962,51.61502075
United Kingdom,GBR,1963,51.56994629
United Kingdom,GBR,1964,51.53181076
United Kingdom,GBR,1965,51.50356674
United Kingdom,GBR,1966,51.48714447
United Kingdom,GBR,1967,51.48088074
United Kingdom,GBR,1968,51.47977066
United Kingdom,GBR,1969,51.47680664
United Kingdom,GBR,1970,51.46718979
United Kingdom,GBR,1971,51.44920349
United Kingdom,GBR,1972,51.42486954
United Kingdom,GBR,1973,51.39774704
United Kingdom,GBR,1974,51.37311172
United Kingdom,GBR,1975,51.3547287
United Kingdom,GBR,1976,51.34341812
United Kingdom,GBR,1977,51.33784866
United Kingdom,GBR,1978,51.33716965
United Kingdom,GBR,1979,51.33978271
United Kingdom,GBR,1980,51.34442139
United Kingdom,GBR,1981,51.35102844
United Kingdom,GBR,1982,51.35964584
United Kingdom,GBR,1983,51.36908722
United Kingdom,GBR,1984,51.37786102
United Kingdom,GBR,1985,51.38490677
United Kingdom,GBR,1986,51.3894043
United Kingdom,GBR,1987,51.39140701
United Kingdom,GBR,1988,51.3916893
United Kingdom,GBR,1989,51.39150238
United Kingdom,GBR,1990,51.39161301
United Kingdom,GBR,1991,51.39206314
United Kingdom,GBR,1992,51.39208984
United Kingdom,GBR,1993,51.39070892
United Kingdom,GBR,1994,51.38660049
United Kingdom,GBR,1995,51.37873459
United Kingdom,GBR,1996,51.36722183
United Kingdom,GBR,1997,51.35211563
United Kingdom,GBR,1998,51.3322258
United Kingdom,GBR,1999,51.30609894
United Kingdom,GBR,2000,51.27299118
United Kingdom,GBR,2001,51.23220825
United Kingdom,GBR,2002,51.18484497
United Kingdom,GBR,2003,51.13408661
United Kingdom,GBR,2004,51.08443069
United Kingdom,GBR,2005,51.0391655
United Kingdom,GBR,2006,50.99981308
United Kingdom,GBR,2007,50.96565247
United Kingdom,GBR,2008,50.9349823
United Kingdom,GBR,2009,50.90507889
United Kingdom,GBR,2010,50.87397003
United Kingdom,GBR,2011,50.84117126
United Kingdom,GBR,2012,50.80747223
United Kingdom,GBR,2013,50.77377319
United Kingdom,GBR,2014,50.74145126
United Kingdom,GBR,2015,50.71147156
United Kingdom,GBR,2016,50.6841011
United Kingdom,GBR,2017,50.65887451
United Kingdom,GBR,2018,50.63527298
United Kingdom,GBR,2019,50.61253357
United Kingdom,GBR,2020,50.59008789